{
    "rmse": 30587.38358452657,
    "mse": 935588034.5469655,
    "r2 score": 97.6948258121656
}