{
    "rmse": 30940.72513573632,
    "r2 score": 97.64126004045201,
    "mse": 957328471.9251854,
    "train_score": 0.978866454673558,
    "test_score": 0.9671825061004176
}