{
    "rmse": 4820139.883974534,
    "mse": 2195.4816974811097,
    "r2 score": 0.9948441315861827
}