{
    "rmse": 30920.88701548678,
    "mse": 956101253.824499,
    "r2 score": 97.6442837553608
}