{
    "rmse": 30920.88701548678,
    "r2 score": 97.6442837553608
}