{
    "rmse": 30724.627400740657,
    "r2 score": 97.67409303712152,
    "mse": 944002728.9143436,
    "train_score": 0.978987343059507,
    "test_score": 0.9637112386757342
}