{
    "rmse": 2223.7265041440405,
    "mse": 4944959.565232676,
    "r2 score": 99.47106180642699
}